From;To;Type;Through;start_x;start_y;stop_x;stop_y;adjacency_rule_name;Comment
6402;6522;impassable;-1;-1;-1;-1;-1;;Clitton to High Chapel
6402;6521;impassable;-1;-1;-1;-1;-1;;Clitton to High Chapel
6401;6521;impassable;-1;-1;-1;-1;-1;;Clitton to High Chapel
6401;6518;impassable;-1;-1;-1;-1;-1;;Clitton to High Chapel
6404;6518;impassable;-1;-1;-1;-1;-1;;Clitton to High Chapel
6404;6520;impassable;-1;-1;-1;-1;-1;;Clitton to High Chapel
6405;6349;impassable;-1;-1;-1;-1;-1;;Clitton to High Chapel
6405;6520;impassable;-1;-1;-1;-1;-1;;Clitton to High Chapel
6405;1608;impassable;-1;-1;-1;-1;-1;;Clitton to High Chapel
6408;6349;impassable;-1;-1;-1;-1;-1;;Clitton to High Chapel
6408;6348;impassable;-1;-1;-1;-1;-1;;Clitton to High Chapel
6406;6348;impassable;-1;-1;-1;-1;-1;;Clitton to High Chapel
6407;6348;impassable;-1;-1;-1;-1;-1;;Clitton to High Chapel
6407;6350;impassable;-1;-1;-1;-1;-1;;Clitton to High Chapel
6407;6350;impassable;-1;-1;-1;-1;-1;;Clitton to High Chapel
6522;1008;impassable;-1;-1;-1;-1;-1;;Sorrows Defensive Walls
6522;8548;impassable;-1;-1;-1;-1;-1;;Sorrows Defensive Walls
6522;3247;impassable;-1;-1;-1;-1;-1;;Sorrows Defensive Walls
6522;3248;impassable;-1;-1;-1;-1;-1;;Sorrows Defensive Walls
1011;6366;impassable;-1;-1;-1;-1;-1;;Sorrows Defensive Walls
1021;6324;impassable;-1;-1;-1;-1;-1;;Sorrows Defensive Walls
1021;6363;impassable;-1;-1;-1;-1;-1;;Sorrows Defensive Walls
1021;6366;impassable;-1;-1;-1;-1;-1;;Sorrows Defensive Walls
6346;6324;impassable;-1;-1;-1;-1;-1;;Sorrows Defensive Walls
6345;6324;impassable;-1;-1;-1;-1;-1;;Sorrows Defensive Walls
6345;6357;impassable;-1;-1;-1;-1;-1;;Sorrows Defensive Walls
6345;9087;impassable;-1;-1;-1;-1;-1;;Sorrows Defensive Walls
6345;6335;impassable;-1;-1;-1;-1;-1;;Sorrows Defensive Walls
6352;6335;impassable;-1;-1;-1;-1;-1;;Sorrows Defensive Walls
6352;6355;impassable;-1;-1;-1;-1;-1;;Sorrows Defensive Walls
6353;6355;impassable;-1;-1;-1;-1;-1;;Sorrows Defensive Walls
6354;6355;impassable;-1;-1;-1;-1;-1;;Sorrows Defensive Walls
6354;6430;impassable;-1;-1;-1;-1;-1;;Sorrows Defensive Walls
6324;6362;impassable;-1;-1;-1;-1;-1;;Tar Walkers Walls
6324;6363;impassable;-1;-1;-1;-1;-1;;Tar Walkers Walls
6324;6364;impassable;-1;-1;-1;-1;-1;;Tar Walkers Walls
3224;12319;impassable;-1;-1;-1;-1;-1;;Mount Charleston
3224;12320;impassable;-1;-1;-1;-1;-1;;Mount Charleston
3224;3241;impassable;-1;-1;-1;-1;-1;;Mount Charleston
3224;6606;impassable;-1;-1;-1;-1;-1;;Mount Charleston
3191;6606;impassable;-1;-1;-1;-1;-1;;Mount Charleston
3191;6605;impassable;-1;-1;-1;-1;-1;;Mount Charleston
3191;3190;impassable;-1;-1;-1;-1;-1;;Mount Charleston
3225;12321;impassable;-1;-1;-1;-1;-1;;Mount Charleston
3225;12320;impassable;-1;-1;-1;-1;-1;;Mount Charleston
3225;3256;impassable;-1;-1;-1;-1;-1;;Mount Charleston
3225;8846;impassable;-1;-1;-1;-1;-1;;Mount Charleston
3225;8848;impassable;-1;-1;-1;-1;-1;;Mount Charleston
3225;8851;impassable;-1;-1;-1;-1;-1;;Mount Charleston
8850;8851;impassable;-1;-1;-1;-1;-1;;Mount Charleston
8850;8852;impassable;-1;-1;-1;-1;-1;;Mount Charleston
8853;8852;impassable;-1;-1;-1;-1;-1;;Mount Charleston
8849;3191;impassable;-1;-1;-1;-1;-1;;Mount Charleston
6314;2681;impassable;-1;-1;-1;-1;-1;;Ruby Valley to 80s
6314;3484;impassable;-1;-1;-1;-1;-1;;Ruby Valley to 80s
6315;3484;impassable;-1;-1;-1;-1;-1;;Ruby Valley to 80s
6315;2680;impassable;-1;-1;-1;-1;-1;;Ruby Valley to 80s
6315;3371;impassable;-1;-1;-1;-1;-1;;Ruby Valley to 80s
4426;3371;impassable;-1;-1;-1;-1;-1;;Ruby Valley to 80s
4426;2682;impassable;-1;-1;-1;-1;-1;;Ruby Valley to 80s
6318;3370;impassable;-1;-1;-1;-1;-1;;Ruby Valley to 80s
8908;3370;impassable;-1;-1;-1;-1;-1;;Ruby Valley to 80s
8908;3564;impassable;-1;-1;-1;-1;-1;;Ruby Valley to 80s
8907;3564;impassable;-1;-1;-1;-1;-1;;Ruby Valley to 80s
8906;3339;impassable;-1;-1;-1;-1;-1;;Ruby Valley to 80s
8906;3340;impassable;-1;-1;-1;-1;-1;;Ruby Valley to 80s
3524;3340;impassable;-1;-1;-1;-1;-1;;Ruby Valley to 80s
3523;3340;impassable;-1;-1;-1;-1;-1;;Ruby Valley to 80s
3521;3353;impassable;-1;-1;-1;-1;-1;;Ruby Valley to Riperult
3525;3353;impassable;-1;-1;-1;-1;-1;;Ruby Valley to Riperult
3525;8462;impassable;-1;-1;-1;-1;-1;;Ruby Valley to Riperult
3327;8462;impassable;-1;-1;-1;-1;-1;;Ruby Valley to Riperult
3327;8463;impassable;-1;-1;-1;-1;-1;;Ruby Valley to Riperult
4424;8463;impassable;-1;-1;-1;-1;-1;;Ruby Valley to Riperult
4424;1642;impassable;-1;-1;-1;-1;-1;;Ruby Valley to Riperult
6311;1642;impassable;-1;-1;-1;-1;-1;;Ruby Valley to Riperult
6311;3498;impassable;-1;-1;-1;-1;-1;;Ruby Valley to Riperult
6313;3502;impassable;-1;-1;-1;-1;-1;;Ruby Valley to Riperult
6313;3529;impassable;-1;-1;-1;-1;-1;;Ruby Valley to Pale Folk
6314;3529;impassable;-1;-1;-1;-1;-1;;Ruby Valley to Pale Folk
6313;3529;impassable;-1;-1;-1;-1;-1;;Ruby Valley to Pale Folk
4708;804;impassable;-1;-1;-1;-1;-1;;NCR to NCR
4708;4638;impassable;-1;-1;-1;-1;-1;;NCR to NCR
4708;860;impassable;-1;-1;-1;-1;-1;;NCR to NCR
4708;4981;impassable;-1;-1;-1;-1;-1;;NCR to NCR
4708;3302;impassable;-1;-1;-1;-1;-1;;NCR to NCR
4708;4980;impassable;-1;-1;-1;-1;-1;;NCR to NCR
4708;2660;impassable;-1;-1;-1;-1;-1;;NCR to NCR
4708;4979;impassable;-1;-1;-1;-1;-1;;NCR to NCR
4708;2619;impassable;-1;-1;-1;-1;-1;;NCR to NCR
4708;2621;impassable;-1;-1;-1;-1;-1;;NCR to NCR
9067;3235;impassable;-1;-1;-1;-1;-1;;Black Mountain
3193;3235;impassable;-1;-1;-1;-1;-1;;Black Mountain
3206;3235;impassable;-1;-1;-1;-1;-1;;Black Mountain
3228;3235;impassable;-1;-1;-1;-1;-1;;Black Mountain
3228;6991;impassable;-1;-1;-1;-1;-1;;Mojave Territories to Brotherhood
3228;6990;impassable;-1;-1;-1;-1;-1;;Mojave Territories to Brotherhood
6988;6990;impassable;-1;-1;-1;-1;-1;;Mojave Territories to Brotherhood
6988;3202;impassable;-1;-1;-1;-1;-1;;Mojave Territories to Brotherhood
6988;5760;impassable;-1;-1;-1;-1;-1;;Mojave Territories to Brotherhood
3186;5760;impassable;-1;-1;-1;-1;-1;;Mojave Territories to Brotherhood
3223;5760;impassable;-1;-1;-1;-1;-1;;Mojave Territories to Brotherhood
5763;5760;impassable;-1;-1;-1;-1;-1;;Mojave Territories to Brotherhood
5763;3202;impassable;-1;-1;-1;-1;-1;;Mojave Territories to Brotherhood
5763;972;impassable;-1;-1;-1;-1;-1;;Mojave Territories to Brotherhood
9064;972;impassable;-1;-1;-1;-1;-1;;Mojave Territories to Brotherhood
3230;6608;impassable;-1;-1;-1;-1;-1;;Long 15 Walls
12311;6608;impassable;-1;-1;-1;-1;-1;;Long 15 Walls
12311;12305;impassable;-1;-1;-1;-1;-1;;Long 15 Walls
12311;3186;impassable;-1;-1;-1;-1;-1;;Long 15 Walls
12315;3239;impassable;-1;-1;-1;-1;-1;;Long 15 Walls
12315;3186;impassable;-1;-1;-1;-1;-1;;Long 15 Walls
12315;6591;impassable;-1;-1;-1;-1;-1;;Long 15 Walls
12337;6591;impassable;-1;-1;-1;-1;-1;;Long 15 Walls
12339;6591;impassable;-1;-1;-1;-1;-1;;Long 15 Walls
12339;12316;impassable;-1;-1;-1;-1;-1;;Long 15 Walls
12340;12316;impassable;-1;-1;-1;-1;-1;;Long 15 Walls
12340;3254;impassable;-1;-1;-1;-1;-1;;Long 15 Walls
12340;12317;impassable;-1;-1;-1;-1;-1;;Long 15 Walls
3203;12317;impassable;-1;-1;-1;-1;-1;;Long 15 Walls
12328;3238;impassable;-1;-1;-1;-1;-1;;Long 15 Walls
12329;3238;impassable;-1;-1;-1;-1;-1;;Long 15 Walls
12329;5761;impassable;-1;-1;-1;-1;-1;;Long 15 Walls
3267;12311;impassable;-1;-1;-1;-1;-1;;Long 15 Walls
3267;12310;impassable;-1;-1;-1;-1;-1;;Long 15 Walls
3265;12310;impassable;-1;-1;-1;-1;-1;;Long 15 Walls
3268;12328;impassable;-1;-1;-1;-1;-1;;Long 15 Walls
6608;12328;impassable;-1;-1;-1;-1;-1;;Long 15 Walls
3268;3230;impassable;-1;-1;-1;-1;-1;;Long 15 Walls
3266;3230;impassable;-1;-1;-1;-1;-1;;Long 15 Walls
3266;12308;impassable;-1;-1;-1;-1;-1;;Long 15 Walls
1041;5035;sea;296;-1;-1;-1;-1;;Shi to Shi
9216;9222;sea;9217;-1;-1;-1;-1;;BOS ( Antioch ) to NCR ( Point Green )
7083;7084;;1880;-1;-1;-1;-1;;Port Maw to Port Maw
7097;7093;;9224;-1;-1;-1;-1;;Port Maw to Port Maw
4337;3868;;1882;-1;-1;-1;-1;;West Portland to East Portland
9226;9227;sea;9229;-1;-1;-1;-1;;Washington Brotherhood to Washington Brotherhood
9234;9239;sea;9238;-1;-1;-1;-1;;Washington Brotherhood to Washington Brotherhood
9246;9243;sea;9241;-1;-1;-1;-1;;Washington Brotherhood to Washington Brotherhood
9233;9231;sea;9229;-1;-1;-1;-1;;Washington Brotherhood to Washington Brotherhood
9236;9231;sea;9229;-1;-1;-1;-1;;Washington Brotherhood to Washington Brotherhood
1519;9248;sea;9247;-1;-1;-1;-1;;Washington Brotherhood to Washington Brotherhood
7393;9256;sea;9251;-1;-1;-1;-1;;Washington Brotherhood to Bellingham
4447;9258;sea;9252;-1;-1;-1;-1;;New Victoria to New Victoria
9260;9258;sea;9252;-1;-1;-1;-1;;New Victoria to New Victoria
9257;9258;sea;9252;-1;-1;-1;-1;;New Victoria to New Victoria
2523;3877;sea;1883;-1;-1;-1;-1;;Port Maw to Rib Breakers
4341;1980;sea;1883;-1;-1;-1;-1;;Port Maw to Rib Breakers
7103;1980;sea;1883;-1;-1;-1;-1;;Port Maw to Rib Breakers
4200;4202;sea;1884;-1;-1;-1;-1;;Mirelurk Tribe to Rib Breakers
4201;1982;sea;1884;-1;-1;-1;-1;;Mirelurk Tribe to Rib Breakers
4108;1989;sea;1884;-1;-1;-1;-1;;Mirelurk Tribe to Rib Breakers
7125;4107;sea;1885;-1;-1;-1;-1;;Mirelurk Tribe to Troll Warren
7126;2163;sea;1885;-1;-1;-1;-1;;Mirelurk Tribe to Troll Warren
1394;2163;sea;1885;-1;-1;-1;-1;;Mirelurk Tribe to Troll Warren
7383;3926;sea;5814;-1;-1;-1;-1;;Issaquah Nation to Old Country
7386;3942;sea;5816;-1;-1;-1;-1;;Old Country to Bellingham
1969;3935;sea;5816;-1;-1;-1;-1;;Old Country to Bellingham
3932;7385;sea;5815;-1;-1;-1;-1;;Old Country to Bellingham
8577;7385;sea;5815;-1;-1;-1;-1;;Old Country to Bellingham
2485;7385;sea;5815;-1;-1;-1;-1;;Old Country to Bellingham
7208;3643;sea;5861;-1;-1;-1;-1;;Bellingham to Broken Coast
7215;3989;sea;5864;-1;-1;-1;-1;;Bellingham to Broken Coast
2151;3823;sea;5865;-1;-1;-1;-1;;Dredgers to Dredgers
2469;7219;sea;5870;-1;-1;-1;-1;;Dredgers to Dredgers
7437;4277;sea;8377;-1;-1;-1;-1;;Ires to Murtagh
3273;5807;sea;3059;-1;-1;-1;-1;;Legion to Rapids
5640;5788;sea;3059;-1;-1;-1;-1;;Legion to Rapids
5640;5785;sea;3059;-1;-1;-1;-1;;Legion to Rapids
5640;5786;sea;3059;-1;-1;-1;-1;;Legion to Rapids
5641;5775;sea;3060;-1;-1;-1;-1;;Legion to Rapids
5642;896;sea;3060;-1;-1;-1;-1;;Legion to Rapids
4789;2075;sea;5923;-1;-1;-1;-1;;NCR to NCR
4737;6663;sea;3055;-1;-1;-1;-1;;NCR to NCR
2453;4727;sea;3053;-1;-1;-1;-1;;NCR to NCR
2407;9625;sea;303;-1;-1;-1;-1;;NCR to NCR
9625;9207;sea;303;-1;-1;-1;-1;;NCR to NCR
9207;9624;sea;303;-1;-1;-1;-1;;NCR to NCR
9624;9625;sea;303;-1;-1;-1;-1;;NCR to NCR
9624;9626;sea;303;-1;-1;-1;-1;;NCR to NCR
9625;9626;sea;303;-1;-1;-1;-1;;NCR to NCR
9626;4596;sea;303;-1;-1;-1;-1;;NCR to NCR
9626;9208;sea;315;-1;-1;-1;-1;;NCR to NCR
9208;9627;sea;315;-1;-1;-1;-1;;NCR to NCR
9627;3428;sea;315;-1;-1;-1;-1;;NCR to BOS
965;952;sea;3062;-1;-1;-1;-1;;Twisted Hairs to Mojave Raiders
5644;2317;sea;3061;-1;-1;-1;-1;;Twisted Hairs to The Rapids
5128;5133;sea;607;-1;-1;-1;-1;;Haida Confederation to Haida Confederation
5129;5136;sea;147;-1;-1;-1;-1;;Haida Confederation to Haida Confederation
5135;660;sea;147;-1;-1;-1;-1;;Haida Confederation to Haida Confederation
660;5137;sea;147;-1;-1;-1;-1;;Haida Confederation to Haida Confederation
3691;620;sea;125;-1;-1;-1;-1;;Broken Coast to Broken Coast
8485;7423;sea;77;-1;-1;-1;-1;;Broken Coast to Broken Coast
3716;7401;sea;77;-1;-1;-1;-1;;Broken Coast to Broken Coast
7400;7399;sea;77;-1;-1;-1;-1;;Broken Coast to Broken Coast
3713;436;sea;77;-1;-1;-1;-1;;Broken Coast to Broken Coast
4409;4407;sea;77;-1;-1;-1;-1;;Broken Coast to Broken Coast
4413;4401;sea;527;-1;-1;-1;-1;;Broken Coast to Broken Coast
4401;4404;sea;527;-1;-1;-1;-1;;Broken Coast to Broken Coast
4406;4403;sea;527;-1;-1;-1;-1;;Broken Coast to Broken Coast
4403;7403;sea;527;-1;-1;-1;-1;;Broken Coast to Broken Coast
7397;10461;sea;77;-1;-1;-1;-1;;Broken Coast to Broken Coast
7398;10470;sea;77;-1;-1;-1;-1;;Broken Coast to Broken Coast
3696;10435;sea;77;-1;-1;-1;-1;;Broken Coast to Broken Coast
7423;10435;sea;77;-1;-1;-1;-1;;Broken Coast to Broken Coast
2105;10455;sea;189;-1;-1;-1;-1;;Broken Coast to Broken Coast
2116;10455;sea;189;-1;-1;-1;-1;;Broken Coast to Broken Coast
7511;4327;sea;7510;-1;-1;-1;-1;;The Cause to Issaquah
229;4402;sea;527;-1;-1;-1;-1;;Broken Coast to Broken Coast
1506;5746;sea;1887;-1;-1;-1;-1;;Old Country to Yakama Nation
4060;5739;sea;1888;-1;-1;-1;-1;;Old Country to Yakama Nation
1487;5744;sea;1887;-1;-1;-1;-1;;Old Country to Yakama Nation
4046;5749;sea;1886;-1;-1;-1;-1;;Old Country to Yakama Nation
4046;4042;sea;1886;-1;-1;-1;-1;;Old Country to Yakama Nation
1945;8571;sea;1888;-1;-1;-1;-1;;Yakama to Pharohs
1455;4067;sea;1889;-1;-1;-1;-1;;Yakama to Pharohs
4077;1453;sea;1889;-1;-1;-1;-1;;Yakama to Pharohs
1430;4075;sea;1889;-1;-1;-1;-1;;Yakama to Pharohs
4265;4468;sea;1892;-1;-1;-1;-1;;Pharohs to Shoshone Nation
4205;1363;sea;1891;-1;-1;-1;-1;;Pharohs to Shoshone Nation
4267;4470;sea;1892;-1;-1;-1;-1;;Pharohs to Shoshone Nation
78;6294;sea;6293;-1;-1;-1;-1;;New Canaan to New Canaan
7473;7484;sea;3073;-1;-1;-1;-1;;Dead Horses to Dead Horses
7478;3095;sea;3073;-1;-1;-1;-1;;Dead Horses to Dead Horses
7479;1562;sea;3071;-1;-1;-1;-1;;Dead Horses to White Legs
7483;8130;sea;3071;-1;-1;-1;-1;;Dead Horses to White Legs
3095;8133;sea;3081;-1;-1;-1;-1;;Dead Horses to White Legs
6736;6691;sea;3083;-1;-1;-1;-1;;Old Bones to Foragers
6736;6690;sea;3083;-1;-1;-1;-1;;Old Bones to Foragers
3099;7464;sea;3083;-1;-1;-1;-1;;Old Bones to Foragers
6821;6653;sea;3082;-1;-1;-1;-1;;Yampa to Foragers
6821;6653;sea;3082;-1;-1;-1;-1;;Yampa to Foragers
6820;6698;sea;3082;-1;-1;-1;-1;;Yampa to Foragers
2205;6515;sea;3077;-1;-1;-1;-1;;Dryblowers to Eagle Rock
3087;9175;sea;3077;-1;-1;-1;-1;;Dryblowers to Eagle Rock
3088;6515;sea;3077;-1;-1;-1;-1;;Dryblowers to Eagle Rock
3090;6513;sea;3077;-1;-1;-1;-1;;Old Bones to Eagle Rock
3092;1131;sea;3075;-1;-1;-1;-1;;Old Bones to Eagle Rock
1726;1131;sea;3075;-1;-1;-1;-1;;Old Bones to Eagle Rock
7476;3094;sea;3074;-1;-1;-1;-1;;Ouroboros to Eagle Rock
6833;6942;sea;6061;-1;-1;-1;-1;;Yampa to Hangdogs
6776;1571;sea;5966;-1;-1;-1;-1;;Legion to Hangdogs
1574;1571;sea;5966;-1;-1;-1;-1;;Legion to Hangdogs
1574;1572;sea;5966;-1;-1;-1;-1;;Legion to Hangdogs
6777;1572;sea;5966;-1;-1;-1;-1;;Legion to Hangdogs
5284;1789;sea;5965;-1;-1;-1;-1;;Legion to Hangdogs
5570;1789;sea;5965;-1;-1;-1;-1;;Legion to Hangdogs
5570;2251;sea;5965;-1;-1;-1;-1;;Legion to Hangdogs
2249;2251;sea;5965;-1;-1;-1;-1;;Legion to Hangdogs
7876;1789;sea;5965;-1;-1;-1;-1;;Legion to Hangdogs
5285;1789;sea;5965;-1;-1;-1;-1;;Legion to Hangdogs
6755;6679;sea;5967;-1;-1;-1;-1;;Legion to Foragers
6776;6677;sea;5966;-1;-1;-1;-1;;Legion to Foragers
5590;5586;sea;5852;-1;-1;-1;-1;;Legion to Navajo Nation
9505;8598;sea;5835;-1;-1;-1;-1;;Republic of the Rio Grande to Republic of the Rio Grande
9702;8836;sea;5835;-1;-1;-1;-1;;Republic of the Rio Grande to Republic of the Rio Grande
8818;9696;sea;5835;-1;-1;-1;-1;;Republic of the Rio Grande to Republic of the Rio Grande
8818;9702;sea;5835;-1;-1;-1;-1;;Republic of the Rio Grande to Republic of the Rio Grande
8599;9707;sea;5836;-1;-1;-1;-1;;Republic of the Rio Grande to Republic of the Rio Grande
10243;10211;sea;10153;-1;-1;-1;-1;;Aztec Empire to Aztec Empire
10188;10137;sea;10178;-1;-1;-1;-1;;Aztec Empire to Aztec Empire
10295;10232;sea;10277;-1;-1;-1;-1;;Aztec Empire to Aztec Empire
10295;10307;sea;10277;-1;-1;-1;-1;;Aztec Empire to Aztec Empire
10295;10307;sea;10362;-1;-1;-1;-1;;Aztec Empire to Chichen Itza
10295;10384;sea;10362;-1;-1;-1;-1;;Aztec Empire to Chichen Itza
9768;9766;sea;10822;-1;-1;-1;-1;;Guerreros de Honduras to Guerreros de Honduras
9812;9820;sea;9767;-1;-1;-1;-1;;Guerreros de Honduras to Guerreros de Honduras
9768;9798;sea;9767;-1;-1;-1;-1;;Guerreros de Honduras to Guerreros de Honduras
9766;9788;sea;10821;-1;-1;-1;-1;;Guerreros de Honduras to Guerreros de Honduras
9766;9800;sea;9765;-1;-1;-1;-1;;Guerreros de Honduras to Guerreros de Honduras
10272;10283;sea;10189;-1;-1;-1;-1;;Chichen Itza to Chichen Itza
10272;10144;sea;10189;-1;-1;-1;-1;;Chichen Itza to Chichen Itza
10199;10144;sea;10189;-1;-1;-1;-1;;Chichen Itza to Chichen Itza
10181;10150;sea;10056;-1;-1;-1;-1;;Chichen Itza to Chichen Itza
10088;10150;sea;10056;-1;-1;-1;-1;;Chichen Itza to Chichen Itza
10166;10234;sea;10125;-1;-1;-1;-1;;Chichen Itza to Chichen Itza
10135;10234;sea;10125;-1;-1;-1;-1;;Chichen Itza to Chichen Itza
10135;10166;sea;10125;-1;-1;-1;-1;;Chichen Itza to Chichen Itza
10135;10089;sea;10125;-1;-1;-1;-1;;Chichen Itza to Chichen Itza
10135;10065;sea;10125;-1;-1;-1;-1;;Chichen Itza to Chichen Itza
10234;10235;sea;10227;-1;-1;-1;-1;;Chichen Itza to Chichen Itza
10320;10334;sea;10296;-1;-1;-1;-1;;Chichen Itza to Chichen Itza
10334;10346;sea;10300;-1;-1;-1;-1;;Chichen Itza to Chichen Itza
10046;10057;sea;9933;-1;-1;-1;-1;;Chichen Itza to Chichen Itza
10595;8593;sea;10557;-1;-1;-1;-1;;Petro Chico to Petro Chico
10595;718;sea;10557;-1;-1;-1;-1;;Petro Chico to Petro Chico
10595;724;sea;5881;-1;-1;-1;-1;;Petro Chico to Army of Mexico
10595;9368;sea;5881;-1;-1;-1;-1;;Petro Chico to Army of Mexico
8593;9565;sea;5881;-1;-1;-1;-1;;Petro Chico to Army of Mexico
9344;9362;sea;5881;-1;-1;-1;-1;;Petro Chico to Army of Mexico
9200;10672;sea;10670;-1;-1;-1;-1;;Army of Mexico to Army of Mexico
9357;721;sea;10578;-1;-1;-1;-1;;Viceroyalty to Viceroyalty
2193;9479;sea;10714;-1;-1;-1;-1;;Free Fighters to Free Fighters
9768;9766;sea;10822;-1;-1;-1;-1;;Guerreros de Honduras to Guerreros de Honduras
9812;9820;sea;9767;-1;-1;-1;-1;;Guerreros de Honduras to Guerreros de Honduras
9768;9798;sea;9767;-1;-1;-1;-1;;Guerreros de Honduras to Guerreros de Honduras
9766;9788;sea;10821;-1;-1;-1;-1;;Guerreros de Honduras to Guerreros de Honduras
9766;9800;sea;9765;-1;-1;-1;-1;;Guerreros de Honduras to Guerreros de Honduras
9812;9879;sea;9837;-1;-1;-1;-1;;Guerreros de Honduras to Guerreros de Honduras
9879;9907;sea;9890;-1;-1;-1;-1;;Guerreros de Honduras to Guerreros de Honduras
9921;9907;sea;9890;-1;-1;-1;-1;;Guerreros de Honduras to Guerreros de Honduras
9815;9921;sea;9839;-1;-1;-1;-1;;Guerreros de Honduras to Guerreros de Honduras
10792;10534;sea;10507;-1;-1;-1;-1;;Chichen Itza to Chichen Itza
10272;10283;sea;10189;-1;-1;-1;-1;;Chichen Itza to Chichen Itza
10199;10144;sea;10189;-1;-1;-1;-1;;Chichen Itza to Chichen Itza
10181;10150;sea;10056;-1;-1;-1;-1;;Chichen Itza to Chichen Itza
10088;10108;sea;10056;-1;-1;-1;-1;;Chichen Itza to Chichen Itza
10890;10234;sea;10212;-1;-1;-1;-1;;Chichen Itza to Chichen Itza
10234;10235;sea;10227;-1;-1;-1;-1;;Chichen Itza to Chichen Itza
10320;10334;sea;10296;-1;-1;-1;-1;;Chichen Itza to Chichen Itza
10334;10346;sea;10300;-1;-1;-1;-1;;Chichen Itza to Chichen Itza
10888;10272;sea;10189;-1;-1;-1;-1;;Chichen Itza to Chichen Itza
10139;10203;sea;10189;-1;-1;-1;-1;;Chichen Itza to Chichen Itza
10046;10057;sea;9933;-1;-1;-1;-1;;Chichen Itza to Chichen Itza
9801;9838;sea;9824;-1;-1;-1;-1;;Chichen Itza to Tzotzil
9842;9872;sea;9824;-1;-1;-1;-1;;Chichen Itza to Tzotzil
10166;10234;sea;10212;-1;-1;-1;-1;;Chichen Itza to Tzotzil
10132;10134;sea;10112;-1;-1;-1;-1;;Chichen Itza to Tzotzil
10429;10076;sea;10112;-1;-1;-1;-1;;Chichen Itza to Tzotzil
10129;10065;sea;10125;-1;-1;-1;-1;;Chichen Itza to Tzotzil
10879;10089;sea;10125;-1;-1;-1;-1;;Chichen Itza to Tzotzil
9963;10001;sea;10000;-1;-1;-1;-1;;Costa Cafetera to Tzotzil
9888;9953;sea;9909;-1;-1;-1;-1;;Costa Cafetera to Tzotzil
9888;9909;sea;9909;-1;-1;-1;-1;;Costa Cafetera to Tzotzil
9830;9854;sea;9853;-1;-1;-1;-1;;Costa Cafetera to Tzotzil
9761;9816;sea;9793;-1;-1;-1;-1;;Costa Cafetera to Tzotzil
9992;9986;sea;9924;-1;-1;-1;-1;;Costa Cafetera to Aztlan
9927;9930;sea;9924;-1;-1;-1;-1;;Costa Cafetera to Aztlan
9849;9859;sea;9860;-1;-1;-1;-1;;Costa Cafetera to Aztlan
10836;9881;sea;9860;-1;-1;-1;-1;;Costa Cafetera to Aztlan
10295;10232;sea;10277;-1;-1;-1;-1;;Aztlan to Aztlan
10174;10220;sea;10155;-1;-1;-1;-1;;Aztlan to Aztlan
10086;10179;sea;10155;-1;-1;-1;-1;;Aztlan to Aztlan
10085;10168;sea;10155;-1;-1;-1;-1;;Aztlan to Aztlan
10188;10137;sea;10178;-1;-1;-1;-1;;Aztlan to Aztlan
10127;10219;sea;10178;-1;-1;-1;-1;;Aztlan to Aztlan
10187;10274;sea;10267;-1;-1;-1;-1;;Aztlan to Aztlan
10243;10211;sea;10153;-1;-1;-1;-1;;Aztlan to Aztlan
10149;10164;sea;10153;-1;-1;-1;-1;;Aztlan to Aztlan
9309;2241;sea;5878;-1;-1;-1;-1;;Aztlan to Tlalocan
9311;10942;sea;5878;-1;-1;-1;-1;;Aztlan to Tlalocan
9311;9323;sea;5878;-1;-1;-1;-1;;Aztlan to Tlalocan
10941;9317;sea;5878;-1;-1;-1;-1;;Aztlan to Tlalocan
9326;9331;sea;5878;-1;-1;-1;-1;;Aztlan to Tlalocan
9336;10956;sea;5877;-1;-1;-1;-1;;Aztlan to Tlalocan
9359;11001;sea;5876;-1;-1;-1;-1;;Aztlan to Viceroyalty
9359;9365;sea;5876;-1;-1;-1;-1;;Aztlan to Viceroyalty
9354;2236;sea;5876;-1;-1;-1;-1;;Aztlan to Viceroyalty
9354;10997;sea;5876;-1;-1;-1;-1;;Aztlan to Viceroyalty
10980;9561;sea;5876;-1;-1;-1;-1;;Aztlan to Viceroyalty
9347;9356;sea;5876;-1;-1;-1;-1;;Aztlan to Viceroyalty
10972;9350;sea;5877;-1;-1;-1;-1;;Aztlan to Viceroyalty
2242;708;sea;5880;-1;-1;-1;-1;;Aztlan to Petro Chico
9264;708;sea;5880;-1;-1;-1;-1;;Aztlan to Petro Chico
9303;9314;sea;5880;-1;-1;-1;-1;;Aztlan to Petro Chico
9303;709;sea;5880;-1;-1;-1;-1;;Aztlan to Petro Chico
10493;10927;sea;10428;-1;-1;-1;-1;;Aztlan to Petro Chico
10454;10489;sea;10428;-1;-1;-1;-1;;Aztlan to Petro Chico
9304;279;sea;10503;-1;-1;-1;-1;;Petro Chico to Petro Chico
10946;10938;sea;10503;-1;-1;-1;-1;;Petro Chico to Petro Chico
9268;9332;sea;10503;-1;-1;-1;-1;;Petro Chico to Petro Chico
10958;10573;sea;10557;-1;-1;-1;-1;;Petro Chico to Petro Chico
9269;10573;sea;10557;-1;-1;-1;-1;;Petro Chico to Petro Chico
718;10985;sea;10557;-1;-1;-1;-1;;Petro Chico to Petro Chico
10998;9565;sea;5881;-1;-1;-1;-1;;Petro Chico to Army of Mexico
10595;11004;sea;5881;-1;-1;-1;-1;;Petro Chico to Army of Mexico
9344;724;sea;5881;-1;-1;-1;-1;;Petro Chico to Army of Mexico
9556;10993;sea;5882;-1;-1;-1;-1;;Petro Chico to Army of Mexico
716;8594;sea;5882;-1;-1;-1;-1;;Petro Chico to Army of Mexico
9200;10672;sea;10670;-1;-1;-1;-1;;Army of Mexico to Army of Mexico
11098;10672;sea;10670;-1;-1;-1;-1;;Army of Mexico to Army of Mexico
9200;9405;sea;10670;-1;-1;-1;-1;;Army of Mexico to Army of Mexico
9526;9405;sea;10670;-1;-1;-1;-1;;Army of Mexico to Army of Mexico
737;9579;sea;10676;-1;-1;-1;-1;;Army of Mexico to Army of Mexico
9466;10710;sea;10708;-1;-1;-1;-1;;Army of Mexico to Republic of the Rio Grande
9594;10709;sea;10708;-1;-1;-1;-1;;Army of Mexico to Republic of the Rio Grande
9593;10707;sea;10699;-1;-1;-1;-1;;Army of Mexico to Republic of the Rio Grande
9593;9448;sea;10699;-1;-1;-1;-1;;Army of Mexico to Republic of the Rio Grande
9505;8598;sea;5835;-1;-1;-1;-1;;Republic of the Rio Grande to Republic of the Rio Grande
8818;9696;sea;5835;-1;-1;-1;-1;;Republic of the Rio Grande to Republic of the Rio Grande
8818;8598;sea;5835;-1;-1;-1;-1;;Republic of the Rio Grande to Republic of the Rio Grande
8599;9718;sea;5836;-1;-1;-1;-1;;Republic of the Rio Grande to Republic of the Rio Grande
9739;2575;sea;5854;-1;-1;-1;-1;;Republic of the Rio Grande to Pecos Colony
9735;7615;sea;5854;-1;-1;-1;-1;;Republic of the Rio Grande to Pecos Colony
3287;3022;sea;5837;-1;-1;-1;-1;;Republic of the Rio Grande to Pecos Colony
3133;2962;sea;5837;-1;-1;-1;-1;;Republic of the Rio Grande to Pecos Colony
8837;7610;sea;5838;-1;-1;-1;-1;;Republic of the Rio Grande to Pecos Colony
7780;7607;sea;5839;-1;-1;-1;-1;;Republic of the Rio Grande to Pecos Colony
9510;7606;sea;5839;-1;-1;-1;-1;;Republic of the Rio Grande to Pecos Colony
9186;7596;sea;5839;-1;-1;-1;-1;;Republic of the Rio Grande to Pecos Colony
8816;7597;sea;5839;-1;-1;-1;-1;;Republic of the Rio Grande to Pecos Colony
8816;7676;sea;5840;-1;-1;-1;-1;;Republic of the Rio Grande to Las Granjas
8816;7734;sea;5840;-1;-1;-1;-1;;Republic of the Rio Grande to Las Granjas
3017;7735;sea;5840;-1;-1;-1;-1;;Republic of the Rio Grande to Las Granjas
3017;7644;sea;5840;-1;-1;-1;-1;;Republic of the Rio Grande to Las Granjas
8821;7733;sea;5841;-1;-1;-1;-1;;Republic of the Rio Grande to Las Granjas
6607;7642;sea;5841;-1;-1;-1;-1;;Republic of the Rio Grande to Las Granjas
8972;7732;sea;5841;-1;-1;-1;-1;;Republic of the Rio Grande to Las Granjas
3151;5215;sea;5824;-1;-1;-1;-1;;Baudelio Ranchers to Two Sun
5214;5353;sea;5824;-1;-1;-1;-1;;Baudelio Ranchers to Two Sun
2627;7556;sea;5823;-1;-1;-1;-1;;Baudelio Ranchers to Gente Del Sol
7742;7775;sea;5823;-1;-1;-1;-1;;Baudelio Ranchers to Gente Del Sol
7742;6973;sea;5823;-1;-1;-1;-1;;Baudelio Ranchers to Gente Del Sol
7692;11299;sea;5825;-1;-1;-1;-1;;Baudelio Ranchers to Sinaloa
7721;9507;sea;5825;-1;-1;-1;-1;;Baudelio Ranchers to Sinaloa
7727;9552;sea;5825;-1;-1;-1;-1;;Baudelio Ranchers to Sinaloa
7651;11296;sea;5825;-1;-1;-1;-1;;Baudelio Ranchers to Sinaloa
7691;7650;sea;5825;-1;-1;-1;-1;;Baudelio Ranchers to Sinaloa
7662;7650;sea;5825;-1;-1;-1;-1;;Baudelio Ranchers to Sinaloa
10732;9490;sea;10731;-1;-1;-1;-1;;Sinaloa to Sinaloa
9495;10734;sea;10731;-1;-1;-1;-1;;Sinaloa to Sinaloa
11278;10733;sea;10731;-1;-1;-1;-1;;Sinaloa to Sinaloa
11273;10733;sea;10731;-1;-1;-1;-1;;Sinaloa to Sinaloa
7663;7650;sea;5825;-1;-1;-1;-1;;Sinaloa to Las Granjas
7791;7650;sea;5825;-1;-1;-1;-1;;Sinaloa to Las Granjas
7690;11293;sea;5825;-1;-1;-1;-1;;Sinaloa to Las Granjas
7745;11293;sea;5826;-1;-1;-1;-1;;Sinaloa to Las Granjas
11;7714;sea;5826;-1;-1;-1;-1;;Sinaloa to Las Granjas
7809;9288;sea;5827;-1;-1;-1;-1;;Sinaloa to Las Granjas
7706;9489;sea;5827;-1;-1;-1;-1;;Sinaloa to Las Granjas
7643;9488;sea;5827;-1;-1;-1;-1;;Sinaloa to Las Granjas
9393;7763;sea;5822;-1;-1;-1;-1;;Sinaloa to Gente Del Sol
778;7763;sea;5822;-1;-1;-1;-1;;Sinaloa to Gente Del Sol
11289;7526;sea;5822;-1;-1;-1;-1;;Sinaloa to Gente Del Sol
9550;7526;sea;5822;-1;-1;-1;-1;;Sinaloa to Gente Del Sol
7759;11275;sea;5821;-1;-1;-1;-1;;Gente Del Sol to Free Fighters
7760;11274;sea;5821;-1;-1;-1;-1;;Gente Del Sol to Free Fighters
7535;2194;sea;5821;-1;-1;-1;-1;;Gente Del Sol to Free Fighters
2193;9479;sea;10714;-1;-1;-1;-1;;Free Fighters to Free Fighters
11247;11249;sea;10714;-1;-1;-1;-1;;Free Fighters to Free Fighters
10715;9472;sea;10714;-1;-1;-1;-1;;Free Fighters to Free Fighters
766;9479;sea;10714;-1;-1;-1;-1;;Free Fighters to Free Fighters
9481;10728;sea;10725;-1;-1;-1;-1;;Free Fighters to Free Sinaloa
9474;10726;sea;10725;-1;-1;-1;-1;;Free Fighters to Free Sinaloa
11015;9365;sea;5874;-1;-1;-1;-1;;Beltran-Levya to Viceroyalty
9381;9376;sea;5874;-1;-1;-1;-1;;Beltran-Levya to Viceroyalty
2235;9384;sea;5874;-1;-1;-1;-1;;Beltran-Levya to Viceroyalty
9357;721;sea;10578;-1;-1;-1;-1;;Viceroyalty to Viceroyalty
9357;9356;sea;10578;-1;-1;-1;-1;;Viceroyalty to Viceroyalty
9356;9350;sea;10578;-1;-1;-1;-1;;Viceroyalty to Viceroyalty
10613;9366;sea;10617;-1;-1;-1;-1;;Viceroyalty to Viceroyalty
12202;12254;sea;5955;-1;-1;-1;-1;;Cherokee Nation to Cherokee Nation
12202;959;sea;5955;-1;-1;-1;-1;;Cherokee Nation to Cherokee Nation
11607;11602;sea;5991;-1;-1;-1;-1;;Texan Brotherhood to Texan Brotherhood
11607;817;sea;5991;-1;-1;-1;-1;;Texan Brotherhood to Texan Brotherhood
11442;11751;sea;5989;-1;-1;-1;-1;;Texan Brotherhood to Texan Brotherhood
11442;11760;sea;5989;-1;-1;-1;-1;;Texan Brotherhood to Texan Brotherhood
11448;11760;sea;5989;-1;-1;-1;-1;;Texan Brotherhood to Texan Brotherhood
11448;11772;sea;5990;-1;-1;-1;-1;;Texan Brotherhood to Texan Brotherhood
11429;11435;sea;5984;-1;-1;-1;-1;;Texan Brotherhood to Texan Brotherhood
11429;8590;sea;5984;-1;-1;-1;-1;;Texan Brotherhood to Texan Brotherhood
11446;8590;sea;5984;-1;-1;-1;-1;;Texan Brotherhood to Texan Brotherhood
11500;11491;sea;5985;-1;-1;-1;-1;;Unity of Austin
11515;11491;sea;5985;-1;-1;-1;-1;;Unity of Austin
11533;11548;sea;5986;-1;-1;-1;-1;;Unity of Austin
12139;2754;sea;5949;-1;-1;-1;-1;;Chickasaw-Muscogee Coalition
12135;12112;sea;5949;-1;-1;-1;-1;;Chickasaw-Muscogee Coalition
899;881;sea;5977;-1;-1;-1;-1;; Scrappers to Last Lodge
2756;5658;sea;5953;-1;-1;-1;-1;;Cypher Warband to Supermax
11771;11756;sea;11758;-1;-1;-1;-1;;Cypher Warband to Supermax
11634;3141;sea;5987;-1;-1;-1;-1;;Shale to Lone Star
8601;11658;sea;5988;-1;-1;-1;-1;;Carbon to Lone Star
11574;11593;sea;5986;-1;-1;-1;-1;;Texas River Crossings
1843;11603;sea;5987;-1;-1;-1;-1;;Texas River Crossings
11615;1846;sea;5987;-1;-1;-1;-1;;Texas River Crossings
11840;8589;sea;5990;-1;-1;-1;-1;;Texas River Crossings
11840;11519;sea;5990;-1;-1;-1;-1;;Texas River Crossings
11962;11671;sea;5992;-1;-1;-1;-1;;Texas River Crossings
11821;11804;sea;5980;-1;-1;-1;-1;;Texas River Crossings
11799;11804;sea;5980;-1;-1;-1;-1;;Texas River Crossings
803;11954;sea;5982;-1;-1;-1;-1;;Texas River Crossings
803;11947;sea;5982;-1;-1;-1;-1;;Texas River Crossings
11862;11873;sea;5981;-1;-1;-1;-1;;Texas River Crossings
11948;842;sea;5983;-1;-1;-1;-1;;Texas River Crossings
12023;12076;sea;5975;-1;-1;-1;-1;;Texas River Crossings
12039;12084;sea;5975;-1;-1;-1;-1;;Texas River Crossings
12039;12082;sea;5975;-1;-1;-1;-1;;Texas River Crossings
12035;12080;sea;5976;-1;-1;-1;-1;;Texas River Crossings
12037;12078;sea;5976;-1;-1;-1;-1;;Texas River Crossings
12046;12090;sea;5977;-1;-1;-1;-1;;Texas River Crossings
12057;909;sea;5978;-1;-1;-1;-1;;Texas River Crossings
12057;12098;sea;5977;-1;-1;-1;-1;;Texas River Crossings
2808;2755;sea;5978;-1;-1;-1;-1;;Texas River Crossings
7015;1838;sea;5953;-1;-1;-1;-1;;Texas River Crossings
8732;2753;sea;5951;-1;-1;-1;-1;;Texas River Crossings
8732;12215;sea;5951;-1;-1;-1;-1;;Texas River Crossings
12164;12186;sea;5950;-1;-1;-1;-1;;Texas River Crossings
2751;12168;sea;5950;-1;-1;-1;-1;;Texas River Crossings
12168;12134;sea;5950;-1;-1;-1;-1;;Texas River Crossings
12126;12148;sea;5948;-1;-1;-1;-1;;Texas River Crossings
12140;12148;sea;5948;-1;-1;-1;-1;;Texas River Crossings
937;12170;sea;5948;-1;-1;-1;-1;;Texas River Crossings
12184;12248;sea;5955;-1;-1;-1;-1;;Texas River Crossings
12248;937;sea;5947;-1;-1;-1;-1;;Texas River Crossings
2342;12213;sea;5956;-1;-1;-1;-1;;Texas River Crossings
2342;12271;sea;5959;-1;-1;-1;-1;;Texas River Crossings
12271;12213;sea;5959;-1;-1;-1;-1;;Texas River Crossings
2752;12256;sea;5956;-1;-1;-1;-1;;Texas River Crossings
2752;12253;sea;5956;-1;-1;-1;-1;;Texas River Crossings
12266;12219;sea;5957;-1;-1;-1;-1;;Texas River Crossings
12283;12229;sea;5957;-1;-1;-1;-1;;Texas River Crossings
12289;12238;sea;5957;-1;-1;-1;-1;;Texas River Crossings
5255;2975;sea;5860;-1;-1;-1;-1;;Texas River Crossings
2749;2977;sea;5860;-1;-1;-1;-1;;Texas River Crossings
12857;12782;sea;142;-1;-1;-1;-1;;Canada Crossing 1
12782;12783;sea;142;-1;-1;-1;-1;;Canada Crossing 2
12783;12784;sea;142;-1;-1;-1;-1;;Canada Crossing 3
12784;12779;sea;142;-1;-1;-1;-1;;Canada Crossing 4
12779;12854;sea;142;-1;-1;-1;-1;;Canada Crossing 5
12780;12784;sea;142;-1;-1;-1;-1;;Canada Crossing 6
12972;1299;sea;6012;-1;-1;-1;-1;;Canada Crossing 7
1299;12971;sea;6011;-1;-1;-1;-1;;Canada Crossing 8
1377;1272;sea;6013;-1;-1;-1;-1;;Canada Crossing 9
8672;1194;sea;6010;-1;-1;-1;-1;;Canada Crossing 10
1165;8710;sea;6006;-1;-1;-1;-1;;Canada Crossing 11
8737;1048;sea;6004;-1;-1;-1;-1;;Canada Crossing 12
12810;12828;sea;6208;-1;-1;-1;-1;;Canada Crossing 13
12819;12829;sea;6209;-1;-1;-1;-1;;Canada Crossing 14
12880;12821;sea;6207;-1;-1;-1;-1;;Canada Crossing 15
12931;12808;sea;6206;-1;-1;-1;-1;;Canada Crossing 16
12904;8703;sea;6204;-1;-1;-1;-1;;Canada Crossing 17
1457;12802;sea;6205;-1;-1;-1;-1;;Canada Crossing 18
8648;8687;sea;6190;-1;-1;-1;-1;;Canada Crossing 19
1429;1314;sea;6189;-1;-1;-1;-1;;Canada Crossing 20
8867;1075;sea;6022;-1;-1;-1;-1;;Canada Crossing 21
12381;1121;sea;6249;-1;-1;-1;-1;;Capital wasteland 1
1124;1133;sea;6248;-1;-1;-1;-1;;Capital wasteland 2
1118;1122;sea;6248;-1;-1;-1;-1;;Capital wasteland 3
1110;1114;sea;6248;-1;-1;-1;-1;;Capital wasteland 4
1099;1107;sea;6248;-1;-1;-1;-1;;Capital wasteland 5
8719;1158;sea;6034;-1;-1;-1;-1;;Capital wasteland 6
12737;12736;sea;6029;-1;-1;-1;-1;;Capital wasteland 7
12708;1185;sea;6029;-1;-1;-1;-1;;Capital wasteland 8
12715;1196;sea;6030;-1;-1;-1;-1;;Capital wasteland 9
8683;1218;sea;6033;-1;-1;-1;-1;;Capital wasteland 10
8682;1229;sea;6253;-1;-1;-1;-1;;Capital wasteland 11
1144;1155;sea;6251;-1;-1;-1;-1;;Capital wasteland 12
12749;12766;sea;6252;-1;-1;-1;-1;;Capital wasteland 13
1236;1229;sea;6255;-1;-1;-1;-1;;Capital wasteland 14
1180;1172;sea;6258;-1;-1;-1;-1;;Capital wasteland 15
12606;12587;sea;6262;-1;-1;-1;-1;;New York Wasteland 1
1306;8725;sea;6263;-1;-1;-1;-1;;New York Wasteland 2
8707;12686;sea;6271;-1;-1;-1;-1;;Commowealth 1 
1380;12620;sea;6272;-1;-1;-1;-1;;Commownealth 2 
1353;12647;sea;13191;-1;-1;-1;-1;;Boston River Crossings
1353;1339;sea;13191;-1;-1;-1;-1;;Boston River Crossings
1349;1337;sea;13191;-1;-1;-1;-1;;Boston River Crossings
1325;1324;sea;13191;-1;-1;-1;-1;;Boston River Crossings


-1;-1;;-1;-1;-1;-1;-1;-1
